banque;date;pays;Effectif;impot courant;impot différé;Produit Net Bancaire;NB filiales périmètre en +;NB filiales CBCR;impot sur bénéfice;Resultat avant impot;resultats/effectifs;Total filiales;resultats/pnb
BPCE;2014-12-31;Autriche;106;;;260000000;;4;-20000000;-700000000;-6.60377e+06;4;-2.69231
BPCE;2014-12-31;Italie;274;;;1670000000;;6;-260000000;750000000;2.73723e+06;6;0.449102
BNP;2014-12-31;Japon;710;-440000000;10000000;3510000000;;8;-430000000;1450000000;2.04225e+06;8;0.413105
SG;2014-12-31;Monténégro;258;-10000000;;210000000;;1;-10000000;60000000;232558;1;0.285714
CM;2014-12-31;Espagne;1;-250000000;20000000;2360000000;;12;-230000000;1050000000;;12;
CM;2014-12-31;Hongrie;153;;;170000000;;1;;20000000;;1;
CA;2014-12-31;République Tchèque;96;-20000000;;160000000;;2;-20000000;-20000000;-208333;2;-0.125
CA;2014-12-31;Bulgarie;;;;;1;;;;;1;
CM;2014-12-31;Saint Martin (Antilles Néerlandaises);7;;;20000000;;1;;;;1;
SG;2014-12-31;Croatie;1459;-40000000;10000000;1380000000;;3;-30000000;320000000;219328;3;0.231884
BNP;2014-12-31;Pays-Bas;967;-400000000;60000000;3710000000;;37;-340000000;1390000000;1.43744e+06;37;0.374663
SG;2014-12-31;Iles Caïmans;;;;;;3;;;;3;
CA;2014-12-31;Pologne;5623;-380000000;120000000;4060000000;2;11;-260000000;860000000;152943;13;0.211823
BNP;2014-12-31;Pologne;9372;-250000000;-10000000;3770000000;;15;-260000000;950000000;101366;15;0.251989
BPCE;2014-12-31;Mexique;51;;;30000000;;3;10000000;-30000000;-588235;3;-1
BPCE;2014-12-31;Pologne;212;;;210000000;;5;-20000000;70000000;330189;5;0.333333
BNP;2014-12-31;Bermudes;;;;;;1;;;;1;
CM;2014-12-31;Bahamas;9;;;;3;;;;;3;
CA;2014-12-31;Maurice;181;;;30000000;;1;;;;1;
BNP;2014-12-31;Corée du Sud;343;-20000000;-30000000;870000000;;5;-50000000;160000000;466472;5;0.183908
SG;2014-12-31;Finlande;86;-70000000;-30000000;590000000;;2;-100000000;430000000;5000000;2;0.728814
BNP;2014-12-31;Algérie;1287;-190000000;30000000;1200000000;;2;-160000000;610000000;473970;2;0.508333
CA;2014-12-31;Suisse;1180;-260000000;-10000000;3700000000;4;5;-270000000;530000000;449153;9;0.143243
BPCE;2014-12-31;Maurice;277;;;160000000;;2;;20000000;72202.2;2;0.125
SG;2014-12-31;Suède;124;-30000000;-40000000;540000000;;4;-70000000;300000000;2.41935e+06;4;0.555556
SG;2014-12-31;Norvège;328;-70000000;-60000000;1290000000;;3;-130000000;610000000;1.85976e+06;3;0.472868
BNP;2014-12-31;Nouvelle-Zélande;36;;;50000000;;1;;10000000;277778;1;0.2
BPCE;2014-12-31;Iles Caïmans;;;;50000000;;2;;50000000;;2;1
SG;2014-12-31;Brésil;1182;-290000000;250000000;1950000000;;12;-40000000;-1670000000;-1.41286e+06;12;-0.85641
CA;2014-12-31;Uruguay;22;;;10000000;;1;;;;1;
SG;2014-12-31;Allemagne;3115;-290000000;-80000000;7440000000;;45;-370000000;1910000000;613162;45;0.25672
BPCE;2014-12-31;République Tchèque;7;;;20000000;;2;;10000000;1.42857e+06;2;0.5
CA;2014-12-31;Ukraine;2450;-10000000;-30000000;1250000000;;1;-40000000;40000000;16326.5;1;0.032
BNP;2014-12-31;Portugal;1586;-300000000;10000000;1570000000;;9;-290000000;930000000;586381;9;0.592357
SG;2014-12-31;Italie;1938;-700000000;320000000;6190000000;;13;-380000000;1140000000;588235;13;0.184168
BNP;2014-12-31;Ukraine;5900;;;1200000000;;2;;-1120000000;-189831;2;-0.933333
CA;2014-12-31;Madagascar;;;;;1;;;;;1;
CA;2014-12-31;Arabie Saoudite;;;;;1;;;;;1;
BPCE;2014-12-31;Cameroun;620;;;820000000;;1;-90000000;370000000;596774;1;0.45122
BPCE;2014-12-31;Bulgarie;8;;;10000000;;1;;10000000;1250000;1;1
BNP;2014-12-31;Chili;318;-10000000;-70000000;540000000;;4;-80000000;320000000;1.00629e+06;4;0.592593
SG;2014-12-31;Hong-Kong;1038;-310000000;30000000;6730000000;;12;-280000000;3420000000;3.2948e+06;12;0.508172
CM;2014-12-31;Italie;138;;;260000000;1;1;;-110000000;;2;
CA;2014-12-31;Irlande;161;-50000000;10000000;1320000000;2;28;-40000000;960000000;5.96273e+06;30;0.727273
BPCE;2014-12-31;Allemagne;715;;;1890000000;;12;-120000000;440000000;615385;12;0.232804
BPCE;2014-12-31;Luxembourg;272;;;1960000000;;21;-70000000;1150000000;4.22794e+06;21;0.586735
SG;2014-12-31;Guinée Équatoriale;289;-40000000;-10000000;270000000;;1;-50000000;120000000;415225;1;0.444444
CM;2014-12-31;République Tchèque;152;;;80000000;;1;;-10000000;;1;
BNP;2014-12-31;Chine;388;-370000000;-60000000;2580000000;;8;-430000000;1800000000;4.63918e+06;8;0.697674
BNP;2014-12-31;Irlande;174;-160000000;-20000000;1790000000;;20;-180000000;1470000000;8.44828e+06;20;0.821229
BNP;2014-12-31;Suède;154;;;240000000;;7;;10000000;64935.1;7;0.0416667
BPCE;2014-12-31;Argentine;51;;;50000000;;1;;20000000;392157;1;0.4
CA;2014-12-31;Albanie;237;;;80000000;;1;;-40000000;-168776;1;-0.5
CM;2014-12-31;Pays-Bas;;;;;;1;;;;1;
BPCE;2014-12-31;Japon;111;;;280000000;;5;;-60000000;-540541;5;-0.214286
BPCE;2014-12-31;Canada;38;;;130000000;;7;-20000000;90000000;2.36842e+06;7;0.692308
BPCE;2014-12-31;Hong-Kong;298;;;1240000000;;5;-10000000;250000000;838926;5;0.201613
SG;2014-12-31;Inde;3968;-190000000;10000000;610000000;;5;-180000000;560000000;141129;5;0.918033
CM;2014-12-31;Argentine;;;;;1;;;;;1;
BPCE;2014-12-31;Chili;42;;;40000000;;2;;;;2;
CA;2014-12-31;Suède;38;-20000000;;210000000;3;1;-20000000;80000000;2.10526e+06;4;0.380952
CA;2014-12-31;Finlande;11;-20000000;10000000;120000000;2;1;-10000000;90000000;8.18182e+06;3;0.75
CM;2014-12-31;Hong-Kong;;;;;;1;;;;1;
CM;2014-12-31;Tunisie;;;;;;2;;150000000;;2;
BPCE;2014-12-31;Malte;;;;10000000;;1;;10000000;;1;1
BNP;2014-12-31;Italie;18056;-3990000000;1960000000;48830000000;;41;-2030000000;4940000000;273593;41;0.101167
SG;2014-12-31;Roumanie;8250;-20000000;-100000000;5960000000;;7;-120000000;240000000;29090.9;7;0.0402685
CM;2014-12-31;Royaume-Uni;50;-90000000;10000000;430000000;1;6;-80000000;390000000;;7;
BPCE;2014-12-31;Chine;65;;;150000000;;2;-10000000;60000000;923077;2;0.4
BPCE;2014-12-31;Inde;7;;;;;2;;;;2;
BPCE;2014-12-31;Cambodge;;;;;;1;;70000000;;1;
SG;2014-12-31;Estonie;;;;;;1;;;;1;
CA;2014-12-31;Norvège;;;;;2;;;;;2;
CA;2014-12-31;Egypte;2282;-320000000;-10000000;1900000000;;1;-330000000;1160000000;508326;1;0.610526
CA;2014-12-31;Italie;10463;900000000;-1990000000;28740000000;4;19;-1090000000;3230000000;308707;23;0.112387
CA;2014-12-31;Japon;447;-50000000;-1020000000;1680000000;2;6;-1070000000;580000000;1.29754e+06;8;0.345238
SG;2014-12-31;Mexique;90;10000000;;80000000;;3;10000000;20000000;222222;;0.25
BNP;2014-12-31;Indonésie;126;-110000000;20000000;500000000;;3;-90000000;320000000;2.53968e+06;3;0.64
BPCE;2014-12-31;Lettonie;7;;;10000000;;1;;;;1;
SG;2014-12-31;Géorgie;956;-20000000;-10000000;410000000;;3;-30000000;150000000;156904;3;0.365854
CM;2014-12-31;Liechtenstein;13;;;;1;;;;;1;
BNP;2014-12-31;Danemark;141;-20000000;-60000000;230000000;;6;-80000000;60000000;425532;6;0.26087
CA;2014-12-31;Hong-Kong;595;-60000000;;1890000000;3;6;-60000000;380000000;638655;9;0.201058
SG;2014-12-31;Bénin;218;;10000000;190000000;;1;10000000;10000000;45871.6;1;0.0526316
BNP;2014-12-31;Autriche;170;-10000000;;140000000;;8;-10000000;50000000;294118;8;0.357143
BNP;2014-12-31;Guinée;;;;;;1;;;;1;
BPCE;2014-12-31;Uruguay;1;;;;;;;;;;
SG;2014-12-31;République Tchèque;8436;-970000000;-50000000;11180000000;;16;-1020000000;5860000000;694642;16;0.52415
SG;2014-12-31;Maurice;;;;;;1;;;;1;
BNP;2014-12-31;Belgique;16383;-310000000;-4410000000;45140000000;;41;-4720000000;13930000000;850272;41;0.308595
SG;2014-12-31;Bermudes;;;;120000000;;2;;120000000;;2;1
BNP;2014-12-31;Allemagne;4163;-910000000;-190000000;11140000000;;28;-1100000000;2970000000;713428;28;0.266607
BPCE;2014-12-31;Fidji;59;;;20000000;;1;;-20000000;-338983;1;-1
SG;2014-12-31;Nouvelle-Calédonie;312;-170000000;10000000;790000000;;2;-160000000;420000000;1.34615e+06;2;0.531646
CA;2014-12-31;Vietnam;;;;;;1;;-30000000;;1;
BNP;2014-12-31;Argentine;223;-180000000;-50000000;1010000000;;6;-230000000;630000000;2.82511e+06;6;0.623762
SG;2014-12-31;Slovénie;837;-40000000;-40000000;1080000000;;3;-80000000;440000000;525687;3;0.407407
BPCE;2014-12-31;Monaco;32;;;110000000;;;-30000000;100000000;3125000;;0.909091
CA;2014-12-31;Espagne;235;-340000000;-30000000;1900000000;6;6;-370000000;1090000000;4.6383e+06;12;0.573684
SG;2014-12-31;Macédoine;375;;;190000000;;1;;40000000;106667;1;0.210526
BNP;2014-12-31;Hong-Kong;2164;;160000000;5540000000;;10;160000000;310000000;143253;10;0.0559567
BNP;2014-12-31;Vietnam;50;-30000000;-10000000;220000000;;2;-40000000;180000000;3600000;2;0.818182
BPCE;2014-12-31;Irlande;9;;;200000000;;6;-10000000;160000000;1.77778e+07;6;0.8
CM;2014-12-31;États-Unis;84;-90000000;-290000000;1280000000;;2;-380000000;1690000000;;2;
BNP;2014-12-31;Espagne;2390;-1520000000;290000000;7630000000;;29;-1230000000;4060000000;1.69874e+06;29;0.53211
BNP;2014-12-31;Namibie;9;;;;;1;;;;1;
CM;2014-12-31;Allemagne;6;-40000000;60000000;9370000000;;12;20000000;300000000;;12;
SG;2014-12-31;Canada;108;-60000000;10000000;490000000;1;5;-50000000;120000000;1.11111e+06;6;0.244898
SG;2014-12-31;Madagascar;805;-40000000;;440000000;;1;-40000000;190000000;236025;1;0.431818
CM;2014-12-31;Canada;;;;;;1;;;;1;
CA;2014-12-31;Bahamas;;;;10000000;;1;;-10000000;;1;-1
CA;2014-12-31;Allemagne;1110;-220000000;20000000;2990000000;2;6;-200000000;710000000;639640;8;0.237458
SG;2014-12-31;Singapour;376;;150000000;1420000000;;4;150000000;1100000000;2.92553e+06;4;0.774648
BNP;2014-12-31;Panama;;;;;;1;;;;1;
BPCE;2014-12-31;Vanuatu;110;;;100000000;;2;;40000000;363636;2;0.4
SG;2014-12-31;Australie;26;;10000000;90000000;;1;10000000;-20000000;-769231;1;-0.222222
SG;2014-12-31;Pologne;3328;;-90000000;1950000000;;7;-90000000;430000000;129207;7;0.220513
CA;2014-12-31;Royaume-Uni;819;-510000000;-310000000;6510000000;6;9;-820000000;2910000000;3.55311e+06;15;0.447005
SG;2014-12-31;Pays-Bas;164;-30000000;;320000000;1;12;-30000000;70000000;426829;13;0.21875
CA;2014-12-31;Émirats Arabes Unis;82;-10000000;;400000000;1;3;-10000000;140000000;1.70732e+06;4;0.35
BNP;2014-12-31;Qatar;37;;;150000000;;1;;30000000;810811;1;0.2
BPCE;2014-12-31;États-Unis;2816;;;21100000000;;90;-2270000000;6950000000;2.46804e+06;90;0.329384
SG;2014-12-31;Maroc;3778;-590000000;100000000;4360000000;;10;-490000000;1300000000;344097;10;0.298165
BPCE;2014-12-31;Singapour;166;;;690000000;;7;-60000000;390000000;2.3494e+06;7;0.565217
BNP;2014-12-31;Canada;279;-70000000;-20000000;530000000;;4;-90000000;280000000;1.00358e+06;4;0.528302
BNP;2014-12-31;République Tchèque;610;-140000000;-20000000;1310000000;;5;-160000000;690000000;1.13115e+06;5;0.526718
BPCE;2014-12-31;Australie;18;;;80000000;;3;-10000000;10000000;555556;3;0.125
CA;2014-12-31;Chine;123;-80000000;20000000;460000000;3;1;-60000000;250000000;2.03252e+06;4;0.543478
BPCE;2014-12-31;Jersey;;;;10000000;;1;;;;1;
CA;2014-12-31;Brunei;;;;;1;;;;;1;
CA;2014-12-31;Iles Caïmans;;;;350000000;1;1;;350000000;;2;1
SG;2014-12-31;Slovaquie;103;-30000000;20000000;150000000;;5;-10000000;110000000;1.06796e+06;5;0.733333
CM;2014-12-31;Portugal;399;-150000000;;1090000000;;1;-150000000;530000000;;1;
CM;2014-12-31;Singapour;214;-20000000;;650000000;;3;-20000000;190000000;;3;
BNP;2014-12-31;Afrique du Sud;1258;-30000000;-10000000;550000000;;7;-40000000;30000000;23847.4;7;0.0545455
BNP;2014-12-31;Pérou;;;;;;1;;;;1;
CA;2014-12-31;Malaisie;20;-10000000;;50000000;;1;-10000000;30000000;1500000;1;0.6
SG;2014-12-31;Algérie;1412;-150000000;-30000000;1340000000;;2;-180000000;630000000;446176;2;0.470149
SG;2014-12-31;Ghana;709;-50000000;;620000000;;1;-50000000;110000000;155148;1;0.177419
CM;2014-12-31;Belgique;1;-70000000;-80000000;4200000000;1;15;-150000000;1320000000;;16;
BNP;2014-12-31;Hongrie;503;-90000000;60000000;800000000;;11;-30000000;230000000;457256;11;0.2875
BPCE;2014-12-31;Vietnam;52;;;20000000;;1;;-110000000;-2.11538e+06;1;-5.5
SG;2014-12-31;Monaco;315;-210000000;;1400000000;;4;-210000000;630000000;2000000;4;0.45
SG;2014-12-31;Nouvelle-Zélande;;;;;;1;;;;1;
BPCE;2014-12-31;Espagne;263;;;1390000000;;5;-240000000;930000000;3.53612e+06;5;0.669065
BPCE;2014-12-31;Hongrie;37;;;20000000;;2;;10000000;270270;2;0.5
SG;2014-12-31;Tchad;195;-10000000;;210000000;;1;-10000000;60000000;307692;1;0.285714
SG;2014-12-31;Liban;;;;;;1;;150000000;;1;
SG;2014-12-31;Ukraine;;;;;;1;;40000000;;1;
BPCE;2014-12-31;Slovaquie;8;;;10000000;;1;;;;1;
CA;2014-12-31;Singapour;417;-80000000;;1510000000;1;3;-80000000;560000000;1.34293e+06;4;0.370861
CA;2014-12-31;Australie;29;-170000000;50000000;570000000;1;1;-120000000;440000000;1.51724e+07;2;0.77193
CA;2014-12-31;États-Unis;793;-310000000;-110000000;8540000000;2;20;-420000000;4400000000;5.54855e+06;22;0.515222
CA;2014-12-31;Roumanie;274;;;100000000;;1;;-90000000;-328467;1;-0.9
BNP;2014-12-31;Bahreïn;360;;;540000000;;2;;-310000000;-861111;2;-0.574074
SG;2014-12-31;Danemark;146;-90000000;20000000;570000000;;4;-70000000;330000000;2.26027e+06;4;0.578947
SG;2014-12-31;Portugal;85;-20000000;;160000000;;1;-20000000;110000000;1.29412e+06;1;0.6875
CM;2014-12-31;Slovaquie;2;;;;;1;;-10000000;;1;
CA;2014-12-31;Inde;127;-110000000;;460000000;2;2;-110000000;310000000;2.44094e+06;4;0.673913
SG;2014-12-31;Irlande;53;;;50000000;3;10;;130000000;2.45283e+06;13;2.6
BNP;2014-12-31;Côte d'Ivoire;568;-30000000;;580000000;;1;-30000000;180000000;316901;1;0.310345
BPCE;2014-12-31;Émirats Arabes Unis;40;;;100000000;;2;;10000000;250000;2;0.1
CA;2014-12-31;Pays-Bas;339;-50000000;-30000000;1190000000;2;32;-80000000;330000000;973451;34;0.277311
SG;2014-12-31;Belgique;471;-150000000;;1930000000;;8;-150000000;1020000000;2.16561e+06;8;0.528497
CM;2014-12-31;Brésil;2;;;10000000;;2;;;;2;
SG;2014-12-31;Iles Vierges Britanniques;;;;;;1;;;;1;
SG;2014-12-31;Albanie;400;;;210000000;;1;;50000000;125000;1;0.238095
BNP;2014-12-31;Burkina Faso;295;-10000000;;220000000;;1;-10000000;50000000;169492;1;0.227273
BNP;2014-12-31;Monaco;212;;;620000000;;2;;220000000;1.03774e+06;2;0.354839
BNP;2014-12-31;Singapour;1861;-190000000;;4170000000;;7;-190000000;1220000000;655562;7;0.292566
BPCE;2014-12-31;Russie;70;;;160000000;;2;-30000000;70000000;1000000;2;0.4375
SG;2014-12-31;Corée du Sud;136;-90000000;20000000;1170000000;;4;-70000000;390000000;2.86765e+06;4;0.333333
BNP;2014-12-31;Australie;458;-50000000;-140000000;1460000000;;6;-190000000;580000000;1.26638e+06;6;0.39726
BNP;2014-12-31;Turquie;10766;-890000000;130000000;11590000000;;12;-760000000;3720000000;345532;12;0.320966
BPCE;2014-12-31;Polynésie Française;280;;;550000000;;3;-100000000;170000000;607143;3;0.309091
CA;2014-12-31;Slovaquie;11;;;20000000;;1;;10000000;909091;1;0.5
SG;2014-12-31;Sénégal;756;;80000000;510000000;;1;80000000;-340000000;-449735;1;-0.666667
SG;2014-12-31;Chypre;;;;10000000;;1;;10000000;;1;1
BNP;2014-12-31;Royaume-Uni;6505;-590000000;-720000000;23660000000;;58;-1310000000;7170000000;1.10223e+06;58;0.303043
SG;2014-12-31;Russie;20966;-410000000;-100000000;12340000000;;21;-510000000;1870000000;89192;21;0.15154
CA;2014-12-31;Bermudes;;;;-10000000;;1;;;;1;
BNP;2014-12-31;Bulgarie;1055;-10000000;;540000000;;5;-10000000;170000000;161137;5;0.314815
BNP;2014-12-31;Koweït;27;;;70000000;;1;;30000000;1.11111e+06;1;0.428571
BNP;2014-12-31;Philippines;12;;;10000000;;1;;;;1;
BPCE;2014-12-31;Israël;101;;;80000000;;3;;;;3;
CA;2014-12-31;Canada;76;;;;1;1;;-20000000;-263158;2;
SG;2014-12-31;Jersey;219;-20000000;;600000000;;16;-20000000;200000000;913242;16;0.333333
SG;2014-12-31;Thaïlande;;;;;;1;;;;1;
BNP;2014-12-31;Mali;102;-10000000;;140000000;;1;-10000000;40000000;392157;1;0.285714
BPCE;2014-12-31;Malaisie;4;;;30000000;;1;;20000000;5000000;1;0.666667
BNP;2014-12-31;Gabon;;;;;;1;;;;1;
BNP;2014-12-31;Slovaquie;162;-30000000;;270000000;;3;-30000000;120000000;740741;3;0.444444
BNP;2014-12-31;Inde;2467;-430000000;-30000000;1380000000;;12;-460000000;960000000;389137;12;0.695652
SG;2014-12-31;Guinée;290;-50000000;;280000000;;1;-50000000;120000000;413793;1;0.428571
CM;2014-12-31;Monaco;9;;;20000000;;2;;10000000;;2;
SG;2014-12-31;Lituanie;;;;;;1;;10000000;;1;
BNP;2014-12-31;Iles Caïmans;;;;30000000;;7;;40000000;;7;1.33333
BPCE;2014-12-31;Roumanie;91;;;70000000;;3;-10000000;30000000;329670;3;0.428571
SG;2014-12-31;Autriche;54;-10000000;;110000000;;3;-10000000;40000000;740741;3;0.363636
BNP;2014-12-31;Ile de Man;;;;10000000;;1;;;;1;
BNP;2014-12-31;Jersey;212;;;610000000;;5;;390000000;1.83962e+06;5;0.639344
BNP;2014-12-31;Botswana;9;;;;;1;;;;1;
SG;2014-12-31;Hongrie;;;;;;3;;30000000;;3;
CA;2014-12-31;Tunisie;;;;;1;;;;;1;
BPCE;2014-12-31;Pays-Bas;71;;;210000000;;6;-20000000;100000000;1.40845e+06;6;0.47619
CA;2014-12-31;Luxembourg;1315;-530000000;;5690000000;;37;-530000000;3110000000;2.36502e+06;37;0.546573
SG;2014-12-31;Espagne;562;-460000000;-70000000;4000000000;1;8;-530000000;2330000000;4.14591e+06;9;0.5825
SG;2014-12-31;Émirats Arabes Unis;79;;;170000000;;3;;40000000;506329;3;0.235294
BNP;2014-12-31;Tunisie;1229;-70000000;-10000000;690000000;;1;-80000000;280000000;227828;1;0.405797
CA;2014-12-31;Taïwan;106;-10000000;-10000000;330000000;;2;-20000000;110000000;1.03774e+06;2;0.333333
BPCE;2014-12-31;Tunisie;449;;;330000000;;8;-20000000;60000000;133630;8;0.181818
BPCE;2014-12-31;Turquie;51;;;50000000;;1;;;;1;
CA;2014-12-31;Monaco;421;-20000000;;1280000000;;2;-20000000;480000000;1.14014e+06;2;0.375
BNP;2014-12-31;Sénégal;440;-20000000;;480000000;;1;-20000000;130000000;295455;1;0.270833
CM;2014-12-31;Luxembourg;831;-180000000;-30000000;2920000000;4;25;-210000000;1290000000;;29;
BPCE;2014-12-31;Madagascar;365;;;290000000;;2;-30000000;170000000;465753;2;0.586207
CA;2014-12-31;Algérie;24;-20000000;;120000000;;1;-20000000;90000000;3750000;1;0.75
SG;2014-12-31;Bahamas;44;;;150000000;;1;;40000000;909091;1;0.266667
SG;2014-12-31;Japon;284;-420000000;-40000000;3060000000;;4;-460000000;1790000000;6.30282e+06;4;0.584967
SG;2014-12-31;Moldavie;736;-10000000;;220000000;;1;-10000000;60000000;81521.7;1;0.272727
BPCE;2014-12-31;France;91682;;;192490000000;;413;-14470000000;45270000000;493772;413;0.235181
BNP;2014-12-31;Maroc;3630;-340000000;-20000000;3030000000;;8;-360000000;680000000;187328;8;0.224422
SG;2014-12-31;Malte;;;;;;2;;;;2;
CA;2014-12-31;Danemark;;;;;4;;;;;4;
BNP;2014-12-31;Russie;437;-130000000;-50000000;1080000000;;4;-180000000;460000000;1.05263e+06;4;0.425926
BNP;2014-12-31;Finlande;32;;;50000000;;5;;-20000000;-625000;5;-0.4
BPCE;2014-12-31;Suisse;71;;;50000000;;5;;-140000000;-1.97183e+06;5;-2.8
CA;2014-12-31;Portugal;424;-160000000;-10000000;1090000000;4;3;-170000000;560000000;1.32075e+06;7;0.513761
SG;2014-12-31;Guernesey;;;;;;6;;;;6;
SG;2014-12-31;Curaçao;;;;10000000;;1;;10000000;;1;1
BNP;2014-12-31;Colombie;241;-20000000;-10000000;230000000;;2;-30000000;10000000;41493.8;2;0.0434783
BNP;2014-12-31;États-Unis;14622;-2150000000;500000000;34520000000;;103;-1650000000;7240000000;495144;103;0.209733
CA;2014-12-31;Belgique;111;-50000000;;400000000;6;13;-50000000;180000000;1.62162e+06;19;0.45
CA;2014-12-31;Russie;155;-20000000;;310000000;;1;-20000000;110000000;709677;1;0.354839
BNP;2014-12-31;Norvège;100;-40000000;20000000;320000000;;7;-20000000;20000000;200000;7;0.0625
BPCE;2014-12-31;Nouvelle-Calédonie;742;;;660000000;;4;-110000000;370000000;498652;4;0.560606
SG;2014-12-31;Cameroun;625;-90000000;;720000000;;1;-90000000;190000000;304000;1;0.263889
BNP;2014-12-31;Émirats Arabes Unis;100;-70000000;10000000;310000000;;2;-60000000;160000000;1600000;2;0.516129
CA;2014-12-31;Corée du Sud;75;-40000000;-10000000;380000000;2;1;-50000000;200000000;2.66667e+06;3;0.526316
SG;2014-12-31;Polynésie Française;283;-60000000;40000000;520000000;;2;-20000000;30000000;106007;2;0.0576923
CM;2014-12-31;Iles Caïmans;;;;10000000;2;;;10000000;;2;
BNP;2014-12-31;Taïwan;441;-60000000;-20000000;1350000000;;5;-80000000;800000000;1.81406e+06;5;0.592593
CA;2014-12-31;Brésil;125;-40000000;;510000000;1;3;-40000000;120000000;960000;4;0.235294
SG;2014-12-31;Serbie;1301;;30000000;930000000;;2;30000000;90000000;69177.6;2;0.0967742
CM;2014-12-31;Maroc;;;;;;2;;-330000000;;2;
BPCE;2014-12-31;Taïwan;20;;;20000000;;2;;20000000;1000000;2;1
BNP;2014-12-31;Arabie Saoudite;35;-10000000;;140000000;;2;-10000000;50000000;1.42857e+06;2;0.357143
BNP;2014-12-31;Brésil;1280;-870000000;100000000;6250000000;;14;-770000000;2140000000;1671875;14;0.3424
BPCE;2014-12-31;Afrique du Sud;66;;;40000000;;2;;;;2;
SG;2014-12-31;Grèce;38;;;40000000;1;2;;10000000;263158;3;0.25
BPCE;2014-12-31;Algérie;693;;;690000000;;1;-90000000;400000000;577201;1;0.57971
SG;2014-12-31;Luxembourg;1275;-960000000;-260000000;8340000000;3;24;-1220000000;5900000000;4.62745e+06;27;0.707434
BNP;2014-12-31;Thaïlande;63;-30000000;;240000000;;1;-30000000;140000000;2.22222e+06;1;0.583333
BPCE;2014-12-31;Laos;164;;;50000000;;2;;20000000;121951;2;0.4
SG;2014-12-31;Gibraltar;50;;;160000000;;2;;;;2;
SG;2014-12-31;Tunisie;1229;-120000000;-20000000;910000000;;1;-140000000;340000000;276648;1;0.373626
SG;2014-12-31;Turquie;125;;;220000000;;2;;30000000;240000;2;0.136364
SG;2014-12-31;France;51794;-3470000000;330000000;105760000000;7;301;-3140000000;3210000000;61976.3;308;0.0303517
SG;2014-12-31;Chine;537;;10000000;840000000;;4;10000000;120000000;223464;4;0.142857
SG;2014-12-31;Royaume-Uni;2934;-500000000;-450000000;14520000000;;52;-950000000;2430000000;828221;52;0.167355
SG;2014-12-31;Lettonie;;;;;;1;;10000000;;1;
CA;2014-12-31;Autriche;;;;;2;;;;;2;
BNP;2014-12-31;Serbie;869;-10000000;;460000000;;2;-10000000;110000000;126582;2;0.23913
BPCE;2014-12-31;Danemark;79;;;170000000;;2;-10000000;10000000;126582;2;0.0588235
CM;2014-12-31;France;65;-10000000;-1060000000;130000000;54;300;-10000000;60000000;;354;
BNP;2014-12-31;Roumanie;814;-20000000;;500000000;;9;-20000000;120000000;147420;9;0.24
BPCE;2014-12-31;Congo;224;;;210000000;;1;-30000000;80000000;357143;1;0.380952
BPCE;2014-12-31;Portugal;149;;;310000000;;2;-20000000;40000000;268456;2;0.129032
SG;2014-12-31;Philippines;;;;;;1;;;;1;
BPCE;2014-12-31;Djibouti;277;;;200000000;;1;-10000000;30000000;108303;1;0.15
BPCE;2014-12-31;Equateur;20;;;30000000;;1;-10000000;20000000;1000000;1;0.666667
SG;2014-12-31;Suisse;709;-30000000;;2320000000;;8;-30000000;360000000;507757;8;0.155172
BNP;2014-12-31;Grèce;23;;;20000000;;2;;;;2;
BPCE;2014-12-31;Belgique;72;;;210000000;;10;-10000000;150000000;2.08333e+06;10;0.714286
BPCE;2014-12-31;Maroc;4;;;-70000000;;4;;-80000000;-20000000;4;1.14286
CA;2014-12-31;Serbie;863;;;310000000;;1;;10000000;11587.5;1;0.0322581
SG;2014-12-31;Bulgarie;1506;-30000000;;930000000;;4;-30000000;350000000;232404;4;0.376344
CM;2014-12-31;Suisse;350;-10000000;;870000000;1;4;-10000000;30000000;;5;
BNP;2014-12-31;Guernesey;18;;;70000000;;2;;10000000;555556;2;0.142857
BPCE;2014-12-31;Thaïlande;71;;;50000000;;1;;;;1;
CA;2014-12-31;Grèce;132;-30000000;-140000000;180000000;3;4;-170000000;-30000000;-227273;7;-0.166667
BNP;2014-12-31;France;56953;-9210000000;370000000;134970000000;;158;-8840000000;18490000000;324654;158;0.136993
SG;2014-12-31;Côte d'Ivoire;1147;-100000000;10000000;1110000000;;2;-90000000;480000000;418483;2;0.432432
BNP;2014-12-31;Mexique;181;;;140000000;;4;;10000000;55248.6;4;0.0714286
BPCE;2014-12-31;Brésil;83;;;200000000;;3;-20000000;110000000;1.3253e+06;3;0.55
CA;2014-12-31;France;38053;4540000000;-2530000000;75870000000;200;422;2010000000;1540000000;40469.9;622;0.0202979
CA;2014-12-31;Maroc;2522;-110000000;-10000000;1850000000;2;2;-120000000;340000000;134814;4;0.183784
BNP;2014-12-31;Suisse;1500;-490000000;2470000000;4110000000;;7;1980000000;-450000000;-300000;7;-0.109489
SG;2014-12-31;États-Unis;2455;-350000000;-1870000000;12050000000;1;30;-2220000000;2190000000;892057;31;0.181743
BPCE;2014-12-31;Liban;;;;;;1;;;;1;
BNP;2014-12-31;Luxembourg;3664;-980000000;-320000000;11860000000;;35;-1300000000;5660000000;1.54476e+06;35;0.477234
BNP;2014-12-31;Malaisie;63;-30000000;;210000000;;2;-30000000;100000000;1.5873e+06;2;0.47619
BPCE;2014-12-31;Suède;16;;;30000000;;2;;10000000;625000;2;0.333333
CA;2014-12-31;Guernesey;;;;10000000;;2;;;;2;
BPCE;2014-12-31;Grande-Bretagne;499;;;2600000000;;19;-910000000;1260000000;2.52505e+06;19;0.484615
SG;2014-12-31;Afrique du Sud;80;-20000000;;110000000;;1;-20000000;60000000;750000;1;0.545455
BPCE;2014-12-31;Lituanie;13;;;20000000;;1;;10000000;769231;1;0.5
SG;2014-12-31;Burkina Faso;246;-10000000;;290000000;;1;-10000000;90000000;365854;1;0.310345
SG;2014-12-31;Taïwan;31;-30000000;-10000000;320000000;;2;-40000000;210000000;6.77419e+06;2;0.65625
